[
    {
        "date": "2023-10-07",
        "open": 150.71,
        "high": 154.5,
        "low": 143.16,
        "close": 149.31,
        "volume": 1812702,
        "event": null,
        "event_type": null,
        "impact_factor": 0
    },
    {
        "date": "2023-10-12",
        "open": 149.46,
        "high": 153.7,
        "low": 148.07,
        "close": 149.66,
        "volume": 1185667,
        "event": null,
        "event_type": null,
        "impact_factor": 0
    },
    {
        "date": "2023-10-17",
        "open": 153.0,
        "high": 155.81,
        "low": 148.97,
        "close": 151.87,
        "volume": 1047923,
        "event": null,
        "event_type": null,
        "impact_factor": 0
    },
    {
        "date": "2023-10-22",
        "open": 144.01,
        "high": 147.25,
        "low": 137.08,
        "close": 143.56,
        "volume": 2612375,
        "event": "Hostile takeover attempt",
        "event_type": "Governance Event",
        "impact_factor": -0.07
    },
    {
        "date": "2023-10-27",
        "open": 140.27,
        "high": 145.37,
        "low": 137.82,
        "close": 138.65,
        "volume": 1560820,
        "event": null,
        "event_type": null,
        "impact_factor": 0
    },
    {
        "date": "2023-11-01",
        "open": 134.63,
        "high": 138.58,
        "low": 132.75,
        "close": 136.93,
        "volume": 3683148,
        "event": null,
        "event_type": null,
        "impact_factor": 0
    },
    {
        "date": "2023-11-06",
        "open": 141.53,
        "high": 146.59,
        "low": 137.65,
        "close": 139.82,
        "volume": 4015823,
        "event": null,
        "event_type": null,
        "impact_factor": 0
    },
    {
        "date": "2023-11-11",
        "open": 141.74,
        "high": 141.05,
        "low": 134.16,
        "close": 139.27,
        "volume": 2591692,
        "event": null,
        "event_type": null,
        "impact_factor": 0
    },
    {
        "date": "2023-11-16",
        "open": 130.45,
        "high": 131.68,
        "low": 127.93,
        "close": 131.01,
        "volume": 3467145,
        "event": null,
        "event_type": null,
        "impact_factor": 0
    },
    {
        "date": "2023-11-21",
        "open": 134.09,
        "high": 137.79,
        "low": 125.78,
        "close": 131.65,
        "volume": 1021056,
        "event": null,
        "event_type": null,
        "impact_factor": 0
    },
    {
        "date": "2023-11-26",
        "open": 126.97,
        "high": 128.16,
        "low": 123.5,
        "close": 127.24,
        "volume": 3879225,
        "event": null,
        "event_type": null,
        "impact_factor": 0
    },
    {
        "date": "2023-12-01",
        "open": 114.32,
        "high": 119.13,
        "low": 114.66,
        "close": 116.6,
        "volume": 4374758,
        "event": null,
        "event_type": null,
        "impact_factor": 0
    },
    {
        "date": "2023-12-06",
        "open": 102.93,
        "high": 107.34,
        "low": 101.11,
        "close": 104.6,
        "volume": 2258973,
        "event": "Hostile takeover attempt",
        "event_type": "Governance Event",
        "impact_factor": -0.07
    },
    {
        "date": "2023-12-11",
        "open": 101.8,
        "high": 102.99,
        "low": 96.71,
        "close": 100.63,
        "volume": 2949705,
        "event": "Hurricane damages key infrastructure",
        "event_type": "Climate Event",
        "impact_factor": -0.05
    },
    {
        "date": "2023-12-16",
        "open": 91.99,
        "high": 96.84,
        "low": 92.08,
        "close": 93.05,
        "volume": 2744925,
        "event": null,
        "event_type": null,
        "impact_factor": 0
    },
    {
        "date": "2023-12-21",
        "open": 94.4,
        "high": 100.5,
        "low": 94.07,
        "close": 95.8,
        "volume": 3152835,
        "event": null,
        "event_type": null,
        "impact_factor": 0
    },
    {
        "date": "2023-12-26",
        "open": 99.27,
        "high": 102.06,
        "low": 93.13,
        "close": 97.59,
        "volume": 4993194,
        "event": null,
        "event_type": null,
        "impact_factor": 0
    },
    {
        "date": "2023-12-31",
        "open": 95.7,
        "high": 96.83,
        "low": 90.44,
        "close": 94.19,
        "volume": 1231448,
        "event": null,
        "event_type": null,
        "impact_factor": 0
    },
    {
        "date": "2024-01-05",
        "open": 92.04,
        "high": 94.48,
        "low": 88.74,
        "close": 91.16,
        "volume": 4643639,
        "event": null,
        "event_type": null,
        "impact_factor": 0
    },
    {
        "date": "2024-01-10",
        "open": 89.29,
        "high": 88.24,
        "low": 83.96,
        "close": 87.61,
        "volume": 2317852,
        "event": null,
        "event_type": null,
        "impact_factor": 0
    },
    {
        "date": "2024-01-15",
        "open": 89.78,
        "high": 93.72,
        "low": 87.65,
        "close": 90.13,
        "volume": 3909512,
        "event": null,
        "event_type": null,
        "impact_factor": 0
    },
    {
        "date": "2024-01-20",
        "open": 89.3,
        "high": 92.58,
        "low": 90.36,
        "close": 90.68,
        "volume": 4891216,
        "event": null,
        "event_type": null,
        "impact_factor": 0
    },
    {
        "date": "2024-01-25",
        "open": 91.25,
        "high": 92.54,
        "low": 85.95,
        "close": 89.63,
        "volume": 1922039,
        "event": null,
        "event_type": null,
        "impact_factor": 0
    },
    {
        "date": "2024-01-30",
        "open": 81.88,
        "high": 83.51,
        "low": 80.87,
        "close": 83.49,
        "volume": 1287523,
        "event": null,
        "event_type": null,
        "impact_factor": 0
    },
    {
        "date": "2024-02-04",
        "open": 88.68,
        "high": 89.01,
        "low": 85.47,
        "close": 87.24,
        "volume": 4161791,
        "event": null,
        "event_type": null,
        "impact_factor": 0
    },
    {
        "date": "2024-02-09",
        "open": 82.57,
        "high": 86.0,
        "low": 82.07,
        "close": 82.95,
        "volume": 2433978,
        "event": "Mass workforce strike",
        "event_type": "Social Event",
        "impact_factor": -0.04
    },
    {
        "date": "2024-02-14",
        "open": 81.42,
        "high": 85.58,
        "low": 81.52,
        "close": 82.41,
        "volume": 2944282,
        "event": null,
        "event_type": null,
        "impact_factor": 0
    },
    {
        "date": "2024-02-19",
        "open": 81.42,
        "high": 84.06,
        "low": 79.26,
        "close": 82.67,
        "volume": 4771778,
        "event": null,
        "event_type": null,
        "impact_factor": 0
    },
    {
        "date": "2024-02-24",
        "open": 82.56,
        "high": 83.26,
        "low": 80.78,
        "close": 81.35,
        "volume": 1342361,
        "event": null,
        "event_type": null,
        "impact_factor": 0
    },
    {
        "date": "2024-02-29",
        "open": 84.25,
        "high": 84.04,
        "low": 82.39,
        "close": 83.11,
        "volume": 3551953,
        "event": null,
        "event_type": null,
        "impact_factor": 0
    },
    {
        "date": "2024-03-05",
        "open": 83.29,
        "high": 83.45,
        "low": 79.63,
        "close": 82.53,
        "volume": 2414300,
        "event": null,
        "event_type": null,
        "impact_factor": 0
    },
    {
        "date": "2024-03-10",
        "open": 84.47,
        "high": 85.66,
        "low": 79.45,
        "close": 83.63,
        "volume": 1452939,
        "event": null,
        "event_type": null,
        "impact_factor": 0
    },
    {
        "date": "2024-03-15",
        "open": 78.48,
        "high": 83.05,
        "low": 77.94,
        "close": 79.7,
        "volume": 3982660,
        "event": null,
        "event_type": null,
        "impact_factor": 0
    },
    {
        "date": "2024-03-20",
        "open": 78.55,
        "high": 80.41,
        "low": 78.24,
        "close": 78.44,
        "volume": 4830806,
        "event": "Major labor law reform",
        "event_type": "Social Event",
        "impact_factor": 0.02
    },
    {
        "date": "2024-03-25",
        "open": 74.53,
        "high": 77.19,
        "low": 75.03,
        "close": 75.19,
        "volume": 2216733,
        "event": null,
        "event_type": null,
        "impact_factor": 0
    },
    {
        "date": "2024-03-30",
        "open": 78.39,
        "high": 81.0,
        "low": 75.88,
        "close": 79.76,
        "volume": 1202347,
        "event": null,
        "event_type": null,
        "impact_factor": 0
    },
    {
        "date": "2024-04-04",
        "open": 79.42,
        "high": 79.48,
        "low": 75.36,
        "close": 78.99,
        "volume": 4662685,
        "event": null,
        "event_type": null,
        "impact_factor": 0
    },
    {
        "date": "2024-04-09",
        "open": 78.18,
        "high": 83.35,
        "low": 79.37,
        "close": 79.69,
        "volume": 3319501,
        "event": null,
        "event_type": null,
        "impact_factor": 0
    },
    {
        "date": "2024-04-14",
        "open": 79.31,
        "high": 81.5,
        "low": 77.46,
        "close": 80.32,
        "volume": 2158847,
        "event": null,
        "event_type": null,
        "impact_factor": 0
    },
    {
        "date": "2024-04-19",
        "open": 73.6,
        "high": 72.8,
        "low": 72.72,
        "close": 72.78,
        "volume": 2323220,
        "event": "Hostile takeover attempt",
        "event_type": "Governance Event",
        "impact_factor": -0.07
    },
    {
        "date": "2024-04-24",
        "open": 74.1,
        "high": 73.9,
        "low": 71.99,
        "close": 73.89,
        "volume": 1239942,
        "event": null,
        "event_type": null,
        "impact_factor": 0
    },
    {
        "date": "2024-04-29",
        "open": 75.77,
        "high": 77.87,
        "low": 74.91,
        "close": 75.22,
        "volume": 3085538,
        "event": null,
        "event_type": null,
        "impact_factor": 0
    },
    {
        "date": "2024-05-04",
        "open": 79.44,
        "high": 82.02,
        "low": 76.49,
        "close": 78.23,
        "volume": 2983035,
        "event": "Breakthrough in green energy technology",
        "event_type": "Climate Event",
        "impact_factor": 0.04
    },
    {
        "date": "2024-05-09",
        "open": 76.59,
        "high": 78.19,
        "low": 75.68,
        "close": 76.43,
        "volume": 4055508,
        "event": null,
        "event_type": null,
        "impact_factor": 0
    },
    {
        "date": "2024-05-14",
        "open": 81.27,
        "high": 82.8,
        "low": 79.03,
        "close": 80.31,
        "volume": 3546845,
        "event": null,
        "event_type": null,
        "impact_factor": 0
    },
    {
        "date": "2024-05-19",
        "open": 80.64,
        "high": 84.11,
        "low": 76.73,
        "close": 80.61,
        "volume": 4713400,
        "event": null,
        "event_type": null,
        "impact_factor": 0
    },
    {
        "date": "2024-05-24",
        "open": 77.72,
        "high": 79.13,
        "low": 74.78,
        "close": 77.56,
        "volume": 2673890,
        "event": null,
        "event_type": null,
        "impact_factor": 0
    },
    {
        "date": "2024-05-29",
        "open": 76.57,
        "high": 76.1,
        "low": 73.35,
        "close": 75.72,
        "volume": 3319456,
        "event": "Hurricane damages key infrastructure",
        "event_type": "Climate Event",
        "impact_factor": -0.05
    },
    {
        "date": "2024-06-03",
        "open": 76.28,
        "high": 76.6,
        "low": 72.11,
        "close": 75.76,
        "volume": 2919304,
        "event": "Successful DEI initiative",
        "event_type": "Social Event",
        "impact_factor": 0.03
    },
    {
        "date": "2024-06-08",
        "open": 72.28,
        "high": 75.08,
        "low": 72.71,
        "close": 73.02,
        "volume": 2210297,
        "event": null,
        "event_type": null,
        "impact_factor": 0
    },
    {
        "date": "2024-06-13",
        "open": 79.42,
        "high": 80.81,
        "low": 76.74,
        "close": 78.03,
        "volume": 4315916,
        "event": null,
        "event_type": null,
        "impact_factor": 0
    },
    {
        "date": "2024-06-18",
        "open": 77.46,
        "high": 77.91,
        "low": 75.42,
        "close": 77.71,
        "volume": 4519687,
        "event": null,
        "event_type": null,
        "impact_factor": 0
    },
    {
        "date": "2024-06-23",
        "open": 79.98,
        "high": 80.69,
        "low": 75.6,
        "close": 79.32,
        "volume": 3924099,
        "event": null,
        "event_type": null,
        "impact_factor": 0
    },
    {
        "date": "2024-06-28",
        "open": 77.61,
        "high": 79.51,
        "low": 76.81,
        "close": 77.81,
        "volume": 1900706,
        "event": null,
        "event_type": null,
        "impact_factor": 0
    },
    {
        "date": "2024-07-03",
        "open": 72.61,
        "high": 72.91,
        "low": 71.87,
        "close": 72.22,
        "volume": 4754961,
        "event": null,
        "event_type": null,
        "impact_factor": 0
    },
    {
        "date": "2024-07-08",
        "open": 70.99,
        "high": 73.8,
        "low": 71.13,
        "close": 71.61,
        "volume": 3939746,
        "event": null,
        "event_type": null,
        "impact_factor": 0
    },
    {
        "date": "2024-07-13",
        "open": 72.61,
        "high": 74.16,
        "low": 70.67,
        "close": 73.67,
        "volume": 1609657,
        "event": null,
        "event_type": null,
        "impact_factor": 0
    },
    {
        "date": "2024-07-18",
        "open": 73.01,
        "high": 74.2,
        "low": 71.1,
        "close": 73.37,
        "volume": 3944910,
        "event": null,
        "event_type": null,
        "impact_factor": 0
    },
    {
        "date": "2024-07-23",
        "open": 74.38,
        "high": 76.25,
        "low": 73.37,
        "close": 74.48,
        "volume": 3976078,
        "event": null,
        "event_type": null,
        "impact_factor": 0
    },
    {
        "date": "2024-07-28",
        "open": 70.28,
        "high": 71.16,
        "low": 69.48,
        "close": 70.79,
        "volume": 3603407,
        "event": null,
        "event_type": null,
        "impact_factor": 0
    },
    {
        "date": "2024-08-02",
        "open": 70.71,
        "high": 70.99,
        "low": 69.22,
        "close": 70.4,
        "volume": 3454177,
        "event": null,
        "event_type": null,
        "impact_factor": 0
    },
    {
        "date": "2024-08-07",
        "open": 69.55,
        "high": 71.73,
        "low": 67.65,
        "close": 70.74,
        "volume": 2145586,
        "event": null,
        "event_type": null,
        "impact_factor": 0
    },
    {
        "date": "2024-08-12",
        "open": 67.47,
        "high": 69.46,
        "low": 67.75,
        "close": 68.83,
        "volume": 4616300,
        "event": null,
        "event_type": null,
        "impact_factor": 0
    },
    {
        "date": "2024-08-17",
        "open": 65.66,
        "high": 68.78,
        "low": 65.81,
        "close": 66.35,
        "volume": 4837722,
        "event": null,
        "event_type": null,
        "impact_factor": 0
    },
    {
        "date": "2024-08-22",
        "open": 67.1,
        "high": 67.74,
        "low": 65.45,
        "close": 67.48,
        "volume": 4491671,
        "event": null,
        "event_type": null,
        "impact_factor": 0
    },
    {
        "date": "2024-08-27",
        "open": 68.7,
        "high": 71.51,
        "low": 65.85,
        "close": 68.58,
        "volume": 1702826,
        "event": null,
        "event_type": null,
        "impact_factor": 0
    },
    {
        "date": "2024-09-01",
        "open": 67.39,
        "high": 66.81,
        "low": 66.12,
        "close": 66.27,
        "volume": 2629256,
        "event": null,
        "event_type": null,
        "impact_factor": 0
    },
    {
        "date": "2024-09-06",
        "open": 69.53,
        "high": 69.41,
        "low": 65.13,
        "close": 68.44,
        "volume": 4316569,
        "event": "Major labor law reform",
        "event_type": "Social Event",
        "impact_factor": 0.02
    },
    {
        "date": "2024-09-11",
        "open": 71.94,
        "high": 71.2,
        "low": 70.28,
        "close": 70.66,
        "volume": 1990906,
        "event": null,
        "event_type": null,
        "impact_factor": 0
    },
    {
        "date": "2024-09-16",
        "open": 72.24,
        "high": 73.31,
        "low": 70.59,
        "close": 71.24,
        "volume": 4005663,
        "event": null,
        "event_type": null,
        "impact_factor": 0
    },
    {
        "date": "2024-09-21",
        "open": 75.47,
        "high": 78.85,
        "low": 75.22,
        "close": 76.4,
        "volume": 1595309,
        "event": "Board restructuring with focus on sustainability",
        "event_type": "Governance Event",
        "impact_factor": 0.05
    },
    {
        "date": "2024-09-26",
        "open": 77.45,
        "high": 80.53,
        "low": 76.0,
        "close": 77.85,
        "volume": 2120966,
        "event": null,
        "event_type": null,
        "impact_factor": 0
    },
    {
        "date": "2024-10-01",
        "open": 78.6,
        "high": 82.89,
        "low": 78.31,
        "close": 80.16,
        "volume": 1530325,
        "event": null,
        "event_type": null,
        "impact_factor": 0
    }
]