[
    {
        "date": "2023-10-08",
        "open": 152.73,
        "high": 152.8,
        "low": 147.15,
        "close": 150.46,
        "volume": 1072816,
        "event": null,
        "event_type": null,
        "impact_factor": 0
    },
    {
        "date": "2023-10-13",
        "open": 151.35,
        "high": 151.87,
        "low": 147.61,
        "close": 148.98,
        "volume": 3886587,
        "event": null,
        "event_type": null,
        "impact_factor": 0
    },
    {
        "date": "2023-10-18",
        "open": 149.24,
        "high": 152.69,
        "low": 144.23,
        "close": 151.46,
        "volume": 1452735,
        "event": null,
        "event_type": null,
        "impact_factor": 0
    },
    {
        "date": "2023-10-23",
        "open": 145.23,
        "high": 146.66,
        "low": 142.92,
        "close": 144.21,
        "volume": 4044442,
        "event": null,
        "event_type": null,
        "impact_factor": 0
    },
    {
        "date": "2023-10-28",
        "open": 137.87,
        "high": 139.59,
        "low": 132.31,
        "close": 138.97,
        "volume": 2896872,
        "event": null,
        "event_type": null,
        "impact_factor": 0
    },
    {
        "date": "2023-11-02",
        "open": 138.16,
        "high": 144.06,
        "low": 137.88,
        "close": 138.07,
        "volume": 4832704,
        "event": null,
        "event_type": null,
        "impact_factor": 0
    },
    {
        "date": "2023-11-07",
        "open": 139.44,
        "high": 142.3,
        "low": 133.25,
        "close": 137.18,
        "volume": 2793027,
        "event": null,
        "event_type": null,
        "impact_factor": 0
    },
    {
        "date": "2023-11-12",
        "open": 140.1,
        "high": 140.55,
        "low": 137.49,
        "close": 139.61,
        "volume": 1047303,
        "event": null,
        "event_type": null,
        "impact_factor": 0
    },
    {
        "date": "2023-11-17",
        "open": 136.47,
        "high": 137.78,
        "low": 129.6,
        "close": 134.08,
        "volume": 4026875,
        "event": "Merger announcement",
        "event_type": "Governance Event",
        "impact_factor": 0.04
    },
    {
        "date": "2023-11-22",
        "open": 131.95,
        "high": 134.99,
        "low": 127.35,
        "close": 130.16,
        "volume": 1640751,
        "event": null,
        "event_type": null,
        "impact_factor": 0
    },
    {
        "date": "2023-11-27",
        "open": 129.92,
        "high": 130.36,
        "low": 124.21,
        "close": 127.83,
        "volume": 2545268,
        "event": null,
        "event_type": null,
        "impact_factor": 0
    },
    {
        "date": "2023-12-02",
        "open": 114.24,
        "high": 116.81,
        "low": 107.19,
        "close": 112.21,
        "volume": 1334582,
        "event": "Hurricane damages key infrastructure",
        "event_type": "Climate Event",
        "impact_factor": -0.05
    },
    {
        "date": "2023-12-07",
        "open": 107.58,
        "high": 108.2,
        "low": 104.76,
        "close": 106.42,
        "volume": 2715267,
        "event": null,
        "event_type": null,
        "impact_factor": 0
    },
    {
        "date": "2023-12-12",
        "open": 92.48,
        "high": 94.33,
        "low": 91.11,
        "close": 93.01,
        "volume": 1863721,
        "event": "Hostile takeover attempt",
        "event_type": "Governance Event",
        "impact_factor": -0.07
    },
    {
        "date": "2023-12-17",
        "open": 93.6,
        "high": 92.99,
        "low": 88.88,
        "close": 92.53,
        "volume": 1696255,
        "event": null,
        "event_type": null,
        "impact_factor": 0
    },
    {
        "date": "2023-12-22",
        "open": 97.35,
        "high": 97.5,
        "low": 92.12,
        "close": 96.57,
        "volume": 1619200,
        "event": null,
        "event_type": null,
        "impact_factor": 0
    },
    {
        "date": "2023-12-27",
        "open": 98.73,
        "high": 98.13,
        "low": 93.82,
        "close": 97.19,
        "volume": 3596105,
        "event": null,
        "event_type": null,
        "impact_factor": 0
    },
    {
        "date": "2024-01-01",
        "open": 94.42,
        "high": 92.78,
        "low": 90.2,
        "close": 92.69,
        "volume": 4387245,
        "event": null,
        "event_type": null,
        "impact_factor": 0
    },
    {
        "date": "2024-01-06",
        "open": 89.11,
        "high": 91.55,
        "low": 85.66,
        "close": 89.36,
        "volume": 2497369,
        "event": null,
        "event_type": null,
        "impact_factor": 0
    },
    {
        "date": "2024-01-11",
        "open": 90.54,
        "high": 91.97,
        "low": 88.17,
        "close": 89.14,
        "volume": 1084993,
        "event": null,
        "event_type": null,
        "impact_factor": 0
    },
    {
        "date": "2024-01-16",
        "open": 91.06,
        "high": 94.8,
        "low": 88.25,
        "close": 91.77,
        "volume": 1065442,
        "event": null,
        "event_type": null,
        "impact_factor": 0
    },
    {
        "date": "2024-01-21",
        "open": 89.55,
        "high": 92.35,
        "low": 85.22,
        "close": 88.94,
        "volume": 4781399,
        "event": null,
        "event_type": null,
        "impact_factor": 0
    },
    {
        "date": "2024-01-26",
        "open": 89.68,
        "high": 94.38,
        "low": 90.57,
        "close": 90.59,
        "volume": 3245809,
        "event": null,
        "event_type": null,
        "impact_factor": 0
    },
    {
        "date": "2024-01-31",
        "open": 84.91,
        "high": 85.37,
        "low": 80.26,
        "close": 84.46,
        "volume": 4140747,
        "event": null,
        "event_type": null,
        "impact_factor": 0
    },
    {
        "date": "2024-02-05",
        "open": 87.24,
        "high": 90.91,
        "low": 83.66,
        "close": 86.67,
        "volume": 4832013,
        "event": null,
        "event_type": null,
        "impact_factor": 0
    },
    {
        "date": "2024-02-10",
        "open": 82.91,
        "high": 82.13,
        "low": 81.82,
        "close": 81.93,
        "volume": 1103047,
        "event": null,
        "event_type": null,
        "impact_factor": 0
    },
    {
        "date": "2024-02-15",
        "open": 82.73,
        "high": 81.68,
        "low": 77.45,
        "close": 81.22,
        "volume": 3697522,
        "event": null,
        "event_type": null,
        "impact_factor": 0
    },
    {
        "date": "2024-02-20",
        "open": 82.95,
        "high": 87.52,
        "low": 80.67,
        "close": 83.55,
        "volume": 1351614,
        "event": null,
        "event_type": null,
        "impact_factor": 0
    },
    {
        "date": "2024-02-25",
        "open": 81.0,
        "high": 83.87,
        "low": 80.85,
        "close": 80.98,
        "volume": 3115212,
        "event": null,
        "event_type": null,
        "impact_factor": 0
    },
    {
        "date": "2024-03-01",
        "open": 84.0,
        "high": 86.63,
        "low": 80.37,
        "close": 84.18,
        "volume": 4933359,
        "event": null,
        "event_type": null,
        "impact_factor": 0
    },
    {
        "date": "2024-03-06",
        "open": 83.15,
        "high": 85.09,
        "low": 81.09,
        "close": 83.76,
        "volume": 4876683,
        "event": null,
        "event_type": null,
        "impact_factor": 0
    },
    {
        "date": "2024-03-11",
        "open": 82.0,
        "high": 84.65,
        "low": 82.41,
        "close": 82.48,
        "volume": 4666933,
        "event": null,
        "event_type": null,
        "impact_factor": 0
    },
    {
        "date": "2024-03-16",
        "open": 76.56,
        "high": 80.23,
        "low": 77.75,
        "close": 77.85,
        "volume": 1763274,
        "event": "Carbon tax implementation",
        "event_type": "Climate Event",
        "impact_factor": -0.03
    },
    {
        "date": "2024-03-21",
        "open": 78.42,
        "high": 79.74,
        "low": 78.61,
        "close": 79.43,
        "volume": 3089992,
        "event": null,
        "event_type": null,
        "impact_factor": 0
    },
    {
        "date": "2024-03-26",
        "open": 75.45,
        "high": 79.84,
        "low": 75.23,
        "close": 76.31,
        "volume": 4387117,
        "event": null,
        "event_type": null,
        "impact_factor": 0
    },
    {
        "date": "2024-03-31",
        "open": 82.11,
        "high": 81.35,
        "low": 78.45,
        "close": 80.63,
        "volume": 4068667,
        "event": null,
        "event_type": null,
        "impact_factor": 0
    },
    {
        "date": "2024-04-05",
        "open": 79.58,
        "high": 81.73,
        "low": 75.59,
        "close": 78.14,
        "volume": 4556797,
        "event": null,
        "event_type": null,
        "impact_factor": 0
    },
    {
        "date": "2024-04-10",
        "open": 78.16,
        "high": 82.23,
        "low": 77.69,
        "close": 78.39,
        "volume": 1086688,
        "event": null,
        "event_type": null,
        "impact_factor": 0
    },
    {
        "date": "2024-04-15",
        "open": 79.28,
        "high": 80.03,
        "low": 75.04,
        "close": 78.73,
        "volume": 3013426,
        "event": null,
        "event_type": null,
        "impact_factor": 0
    },
    {
        "date": "2024-04-20",
        "open": 73.78,
        "high": 74.18,
        "low": 70.05,
        "close": 73.08,
        "volume": 4607839,
        "event": null,
        "event_type": null,
        "impact_factor": 0
    },
    {
        "date": "2024-04-25",
        "open": 74.59,
        "high": 75.7,
        "low": 72.97,
        "close": 73.76,
        "volume": 4450927,
        "event": null,
        "event_type": null,
        "impact_factor": 0
    },
    {
        "date": "2024-04-30",
        "open": 73.47,
        "high": 75.33,
        "low": 73.17,
        "close": 74.37,
        "volume": 2347012,
        "event": null,
        "event_type": null,
        "impact_factor": 0
    },
    {
        "date": "2024-05-05",
        "open": 75.67,
        "high": 77.34,
        "low": 75.34,
        "close": 76.78,
        "volume": 4176073,
        "event": null,
        "event_type": null,
        "impact_factor": 0
    },
    {
        "date": "2024-05-10",
        "open": 76.98,
        "high": 78.16,
        "low": 76.64,
        "close": 76.93,
        "volume": 3446261,
        "event": null,
        "event_type": null,
        "impact_factor": 0
    },
    {
        "date": "2024-05-15",
        "open": 78.19,
        "high": 79.73,
        "low": 78.88,
        "close": 78.93,
        "volume": 2215769,
        "event": null,
        "event_type": null,
        "impact_factor": 0
    },
    {
        "date": "2024-05-20",
        "open": 79.25,
        "high": 83.23,
        "low": 78.62,
        "close": 80.69,
        "volume": 3111543,
        "event": null,
        "event_type": null,
        "impact_factor": 0
    },
    {
        "date": "2024-05-25",
        "open": 78.6,
        "high": 81.85,
        "low": 78.2,
        "close": 78.88,
        "volume": 2135574,
        "event": null,
        "event_type": null,
        "impact_factor": 0
    },
    {
        "date": "2024-05-30",
        "open": 68.48,
        "high": 70.8,
        "low": 67.76,
        "close": 69.78,
        "volume": 4910228,
        "event": "CEO resignation amid scandal",
        "event_type": "Governance Event",
        "impact_factor": -0.06
    },
    {
        "date": "2024-06-04",
        "open": 74.76,
        "high": 75.93,
        "low": 73.3,
        "close": 74.58,
        "volume": 4825467,
        "event": null,
        "event_type": null,
        "impact_factor": 0
    },
    {
        "date": "2024-06-09",
        "open": 72.09,
        "high": 75.03,
        "low": 70.55,
        "close": 73.29,
        "volume": 1248549,
        "event": null,
        "event_type": null,
        "impact_factor": 0
    },
    {
        "date": "2024-06-14",
        "open": 77.87,
        "high": 77.84,
        "low": 73.17,
        "close": 76.79,
        "volume": 3895548,
        "event": null,
        "event_type": null,
        "impact_factor": 0
    },
    {
        "date": "2024-06-19",
        "open": 78.96,
        "high": 82.11,
        "low": 76.58,
        "close": 78.84,
        "volume": 1534417,
        "event": null,
        "event_type": null,
        "impact_factor": 0
    },
    {
        "date": "2024-06-24",
        "open": 79.33,
        "high": 83.19,
        "low": 80.46,
        "close": 80.67,
        "volume": 1691578,
        "event": null,
        "event_type": null,
        "impact_factor": 0
    },
    {
        "date": "2024-06-29",
        "open": 80.05,
        "high": 80.92,
        "low": 78.15,
        "close": 78.48,
        "volume": 1467139,
        "event": null,
        "event_type": null,
        "impact_factor": 0
    },
    {
        "date": "2024-07-04",
        "open": 71.98,
        "high": 73.79,
        "low": 71.86,
        "close": 71.89,
        "volume": 3390414,
        "event": null,
        "event_type": null,
        "impact_factor": 0
    },
    {
        "date": "2024-07-09",
        "open": 75.75,
        "high": 77.49,
        "low": 74.92,
        "close": 75.19,
        "volume": 1688440,
        "event": "Breakthrough in green energy technology",
        "event_type": "Climate Event",
        "impact_factor": 0.04
    },
    {
        "date": "2024-07-14",
        "open": 71.57,
        "high": 76.48,
        "low": 70.73,
        "close": 72.91,
        "volume": 2121900,
        "event": null,
        "event_type": null,
        "impact_factor": 0
    },
    {
        "date": "2024-07-19",
        "open": 74.88,
        "high": 76.56,
        "low": 70.99,
        "close": 73.79,
        "volume": 4687569,
        "event": null,
        "event_type": null,
        "impact_factor": 0
    },
    {
        "date": "2024-07-24",
        "open": 71.66,
        "high": 73.53,
        "low": 69.27,
        "close": 70.82,
        "volume": 2530590,
        "event": "Mass workforce strike",
        "event_type": "Social Event",
        "impact_factor": -0.04
    },
    {
        "date": "2024-07-29",
        "open": 70.15,
        "high": 72.86,
        "low": 67.69,
        "close": 69.66,
        "volume": 2627681,
        "event": null,
        "event_type": null,
        "impact_factor": 0
    },
    {
        "date": "2024-08-03",
        "open": 69.01,
        "high": 69.88,
        "low": 66.59,
        "close": 69.82,
        "volume": 4454917,
        "event": null,
        "event_type": null,
        "impact_factor": 0
    },
    {
        "date": "2024-08-08",
        "open": 69.59,
        "high": 71.7,
        "low": 67.73,
        "close": 70.32,
        "volume": 4912844,
        "event": null,
        "event_type": null,
        "impact_factor": 0
    },
    {
        "date": "2024-08-13",
        "open": 68.19,
        "high": 70.9,
        "low": 66.32,
        "close": 67.83,
        "volume": 1583455,
        "event": null,
        "event_type": null,
        "impact_factor": 0
    },
    {
        "date": "2024-08-18",
        "open": 65.82,
        "high": 67.31,
        "low": 63.55,
        "close": 66.6,
        "volume": 4807582,
        "event": null,
        "event_type": null,
        "impact_factor": 0
    },
    {
        "date": "2024-08-23",
        "open": 67.56,
        "high": 68.17,
        "low": 64.68,
        "close": 67.09,
        "volume": 3600931,
        "event": null,
        "event_type": null,
        "impact_factor": 0
    },
    {
        "date": "2024-08-28",
        "open": 68.11,
        "high": 70.69,
        "low": 67.52,
        "close": 68.09,
        "volume": 2904185,
        "event": null,
        "event_type": null,
        "impact_factor": 0
    },
    {
        "date": "2024-09-02",
        "open": 66.31,
        "high": 68.29,
        "low": 66.28,
        "close": 66.46,
        "volume": 3945457,
        "event": null,
        "event_type": null,
        "impact_factor": 0
    },
    {
        "date": "2024-09-07",
        "open": 68.28,
        "high": 70.0,
        "low": 67.32,
        "close": 69.41,
        "volume": 2724612,
        "event": null,
        "event_type": null,
        "impact_factor": 0
    },
    {
        "date": "2024-09-12",
        "open": 71.87,
        "high": 74.51,
        "low": 68.56,
        "close": 71.11,
        "volume": 2215388,
        "event": null,
        "event_type": null,
        "impact_factor": 0
    },
    {
        "date": "2024-09-17",
        "open": 73.39,
        "high": 72.64,
        "low": 71.39,
        "close": 72.24,
        "volume": 1411666,
        "event": null,
        "event_type": null,
        "impact_factor": 0
    },
    {
        "date": "2024-09-22",
        "open": 76.07,
        "high": 78.65,
        "low": 74.82,
        "close": 76.76,
        "volume": 2658477,
        "event": null,
        "event_type": null,
        "impact_factor": 0
    },
    {
        "date": "2024-09-27",
        "open": 77.61,
        "high": 81.64,
        "low": 77.41,
        "close": 78.7,
        "volume": 4150257,
        "event": null,
        "event_type": null,
        "impact_factor": 0
    },
    {
        "date": "2024-10-02",
        "open": 81.65,
        "high": 81.08,
        "low": 78.83,
        "close": 80.77,
        "volume": 2863236,
        "event": null,
        "event_type": null,
        "impact_factor": 0
    }
]