[
    {
        "date": "2023-10-06",
        "open": 148.58,
        "high": 151.82,
        "low": 141.84,
        "close": 148.34,
        "volume": 2254792,
        "event": null,
        "event_type": null,
        "impact_factor": 0
    },
    {
        "date": "2023-10-11",
        "open": 148.24,
        "high": 153.12,
        "low": 148.86,
        "close": 150.36,
        "volume": 4223907,
        "event": null,
        "event_type": null,
        "impact_factor": 0
    },
    {
        "date": "2023-10-16",
        "open": 147.71,
        "high": 156.97,
        "low": 144.65,
        "close": 150.5,
        "volume": 1735871,
        "event": null,
        "event_type": null,
        "impact_factor": 0
    },
    {
        "date": "2023-10-21",
        "open": 153.94,
        "high": 156.19,
        "low": 148.42,
        "close": 154.97,
        "volume": 3918890,
        "event": null,
        "event_type": null,
        "impact_factor": 0
    },
    {
        "date": "2023-10-26",
        "open": 136.84,
        "high": 143.51,
        "low": 131.57,
        "close": 138.23,
        "volume": 1227268,
        "event": null,
        "event_type": null,
        "impact_factor": 0
    },
    {
        "date": "2023-10-31",
        "open": 138.92,
        "high": 143.12,
        "low": 136.9,
        "close": 137.39,
        "volume": 2355248,
        "event": null,
        "event_type": null,
        "impact_factor": 0
    },
    {
        "date": "2023-11-05",
        "open": 139.65,
        "high": 141.4,
        "low": 134.42,
        "close": 137.3,
        "volume": 1999926,
        "event": null,
        "event_type": null,
        "impact_factor": 0
    },
    {
        "date": "2023-11-10",
        "open": 138.93,
        "high": 144.31,
        "low": 135.58,
        "close": 139.61,
        "volume": 3159033,
        "event": null,
        "event_type": null,
        "impact_factor": 0
    },
    {
        "date": "2023-11-15",
        "open": 131.32,
        "high": 136.84,
        "low": 129.81,
        "close": 132.32,
        "volume": 3815841,
        "event": null,
        "event_type": null,
        "impact_factor": 0
    },
    {
        "date": "2023-11-20",
        "open": 128.28,
        "high": 136.0,
        "low": 127.97,
        "close": 129.87,
        "volume": 1092156,
        "event": null,
        "event_type": null,
        "impact_factor": 0
    },
    {
        "date": "2023-11-25",
        "open": 130.39,
        "high": 133.76,
        "low": 126.27,
        "close": 128.0,
        "volume": 1433101,
        "event": null,
        "event_type": null,
        "impact_factor": 0
    },
    {
        "date": "2023-11-30",
        "open": 116.36,
        "high": 119.48,
        "low": 114.7,
        "close": 116.26,
        "volume": 4503796,
        "event": null,
        "event_type": null,
        "impact_factor": 0
    },
    {
        "date": "2023-12-05",
        "open": 114.13,
        "high": 115.68,
        "low": 106.97,
        "close": 111.92,
        "volume": 4374372,
        "event": null,
        "event_type": null,
        "impact_factor": 0
    },
    {
        "date": "2023-12-10",
        "open": 109.28,
        "high": 108.93,
        "low": 102.7,
        "close": 107.27,
        "volume": 1957340,
        "event": null,
        "event_type": null,
        "impact_factor": 0
    },
    {
        "date": "2023-12-15",
        "open": 95.1,
        "high": 93.61,
        "low": 93.28,
        "close": 93.31,
        "volume": 3503036,
        "event": null,
        "event_type": null,
        "impact_factor": 0
    },
    {
        "date": "2023-12-20",
        "open": 97.07,
        "high": 100.69,
        "low": 92.69,
        "close": 96.18,
        "volume": 2755544,
        "event": null,
        "event_type": null,
        "impact_factor": 0
    },
    {
        "date": "2023-12-25",
        "open": 97.24,
        "high": 99.77,
        "low": 93.97,
        "close": 95.96,
        "volume": 2985852,
        "event": null,
        "event_type": null,
        "impact_factor": 0
    },
    {
        "date": "2023-12-30",
        "open": 97.73,
        "high": 98.27,
        "low": 95.34,
        "close": 96.09,
        "volume": 3633577,
        "event": null,
        "event_type": null,
        "impact_factor": 0
    },
    {
        "date": "2024-01-04",
        "open": 91.53,
        "high": 93.73,
        "low": 89.91,
        "close": 91.21,
        "volume": 4337760,
        "event": null,
        "event_type": null,
        "impact_factor": 0
    },
    {
        "date": "2024-01-09",
        "open": 86.24,
        "high": 91.61,
        "low": 84.3,
        "close": 87.75,
        "volume": 3254447,
        "event": null,
        "event_type": null,
        "impact_factor": 0
    },
    {
        "date": "2024-01-14",
        "open": 90.84,
        "high": 92.19,
        "low": 85.37,
        "close": 89.63,
        "volume": 2875700,
        "event": null,
        "event_type": null,
        "impact_factor": 0
    },
    {
        "date": "2024-01-19",
        "open": 89.62,
        "high": 94.91,
        "low": 89.96,
        "close": 90.64,
        "volume": 1219976,
        "event": null,
        "event_type": null,
        "impact_factor": 0
    },
    {
        "date": "2024-01-24",
        "open": 89.25,
        "high": 91.41,
        "low": 85.92,
        "close": 89.31,
        "volume": 2859639,
        "event": "Breakthrough in green energy technology",
        "event_type": "Climate Event",
        "impact_factor": 0.04
    },
    {
        "date": "2024-01-29",
        "open": 83.45,
        "high": 85.87,
        "low": 81.77,
        "close": 82.36,
        "volume": 2167630,
        "event": "Hostile takeover attempt",
        "event_type": "Governance Event",
        "impact_factor": -0.07
    },
    {
        "date": "2024-02-03",
        "open": 87.26,
        "high": 89.57,
        "low": 83.8,
        "close": 86.0,
        "volume": 1000330,
        "event": null,
        "event_type": null,
        "impact_factor": 0
    },
    {
        "date": "2024-02-08",
        "open": 85.73,
        "high": 87.89,
        "low": 86.4,
        "close": 86.52,
        "volume": 1096439,
        "event": null,
        "event_type": null,
        "impact_factor": 0
    },
    {
        "date": "2024-02-13",
        "open": 82.66,
        "high": 85.5,
        "low": 81.04,
        "close": 83.99,
        "volume": 3120874,
        "event": null,
        "event_type": null,
        "impact_factor": 0
    },
    {
        "date": "2024-02-18",
        "open": 80.06,
        "high": 83.44,
        "low": 79.78,
        "close": 81.14,
        "volume": 3792317,
        "event": null,
        "event_type": null,
        "impact_factor": 0
    },
    {
        "date": "2024-02-23",
        "open": 81.66,
        "high": 81.78,
        "low": 76.76,
        "close": 80.11,
        "volume": 3302549,
        "event": null,
        "event_type": null,
        "impact_factor": 0
    },
    {
        "date": "2024-02-28",
        "open": 82.78,
        "high": 82.46,
        "low": 80.43,
        "close": 81.49,
        "volume": 4470777,
        "event": null,
        "event_type": null,
        "impact_factor": 0
    },
    {
        "date": "2024-03-04",
        "open": 85.34,
        "high": 87.4,
        "low": 83.55,
        "close": 84.07,
        "volume": 2245249,
        "event": null,
        "event_type": null,
        "impact_factor": 0
    },
    {
        "date": "2024-03-09",
        "open": 81.74,
        "high": 85.37,
        "low": 78.8,
        "close": 82.48,
        "volume": 2813426,
        "event": null,
        "event_type": null,
        "impact_factor": 0
    },
    {
        "date": "2024-03-14",
        "open": 82.25,
        "high": 82.23,
        "low": 77.53,
        "close": 81.22,
        "volume": 1029643,
        "event": null,
        "event_type": null,
        "impact_factor": 0
    },
    {
        "date": "2024-03-19",
        "open": 76.12,
        "high": 77.99,
        "low": 72.28,
        "close": 75.47,
        "volume": 4629894,
        "event": null,
        "event_type": null,
        "impact_factor": 0
    },
    {
        "date": "2024-03-24",
        "open": 77.55,
        "high": 76.54,
        "low": 74.82,
        "close": 76.35,
        "volume": 4367897,
        "event": null,
        "event_type": null,
        "impact_factor": 0
    },
    {
        "date": "2024-03-29",
        "open": 80.08,
        "high": 79.31,
        "low": 77.14,
        "close": 78.89,
        "volume": 2190350,
        "event": null,
        "event_type": null,
        "impact_factor": 0
    },
    {
        "date": "2024-04-03",
        "open": 79.89,
        "high": 80.49,
        "low": 77.92,
        "close": 78.35,
        "volume": 3445854,
        "event": null,
        "event_type": null,
        "impact_factor": 0
    },
    {
        "date": "2024-04-08",
        "open": 78.78,
        "high": 80.07,
        "low": 78.74,
        "close": 78.95,
        "volume": 2062123,
        "event": null,
        "event_type": null,
        "impact_factor": 0
    },
    {
        "date": "2024-04-13",
        "open": 81.35,
        "high": 81.5,
        "low": 77.96,
        "close": 80.17,
        "volume": 1968085,
        "event": null,
        "event_type": null,
        "impact_factor": 0
    },
    {
        "date": "2024-04-18",
        "open": 79.53,
        "high": 80.6,
        "low": 77.95,
        "close": 78.95,
        "volume": 1284687,
        "event": null,
        "event_type": null,
        "impact_factor": 0
    },
    {
        "date": "2024-04-23",
        "open": 73.96,
        "high": 76.45,
        "low": 69.85,
        "close": 73.18,
        "volume": 3697754,
        "event": null,
        "event_type": null,
        "impact_factor": 0
    },
    {
        "date": "2024-04-28",
        "open": 76.31,
        "high": 77.91,
        "low": 71.47,
        "close": 74.83,
        "volume": 4656673,
        "event": null,
        "event_type": null,
        "impact_factor": 0
    },
    {
        "date": "2024-05-03",
        "open": 75.58,
        "high": 78.12,
        "low": 72.92,
        "close": 76.21,
        "volume": 3013531,
        "event": null,
        "event_type": null,
        "impact_factor": 0
    },
    {
        "date": "2024-05-08",
        "open": 77.2,
        "high": 77.44,
        "low": 76.03,
        "close": 76.42,
        "volume": 4661608,
        "event": null,
        "event_type": null,
        "impact_factor": 0
    },
    {
        "date": "2024-05-13",
        "open": 81.99,
        "high": 82.28,
        "low": 77.2,
        "close": 81.06,
        "volume": 2233628,
        "event": "Breakthrough in green energy technology",
        "event_type": "Climate Event",
        "impact_factor": 0.04
    },
    {
        "date": "2024-05-18",
        "open": 79.2,
        "high": 81.32,
        "low": 78.29,
        "close": 80.1,
        "volume": 3215504,
        "event": null,
        "event_type": null,
        "impact_factor": 0
    },
    {
        "date": "2024-05-23",
        "open": 77.14,
        "high": 76.57,
        "low": 76.14,
        "close": 76.57,
        "volume": 4183360,
        "event": null,
        "event_type": null,
        "impact_factor": 0
    },
    {
        "date": "2024-05-28",
        "open": 79.51,
        "high": 83.96,
        "low": 78.43,
        "close": 80.38,
        "volume": 4182363,
        "event": null,
        "event_type": null,
        "impact_factor": 0
    },
    {
        "date": "2024-06-02",
        "open": 73.37,
        "high": 74.31,
        "low": 71.14,
        "close": 72.52,
        "volume": 4799292,
        "event": null,
        "event_type": null,
        "impact_factor": 0
    },
    {
        "date": "2024-06-07",
        "open": 72.64,
        "high": 75.09,
        "low": 70.62,
        "close": 71.99,
        "volume": 2761196,
        "event": null,
        "event_type": null,
        "impact_factor": 0
    },
    {
        "date": "2024-06-12",
        "open": 77.56,
        "high": 81.17,
        "low": 77.32,
        "close": 78.0,
        "volume": 4303746,
        "event": null,
        "event_type": null,
        "impact_factor": 0
    },
    {
        "date": "2024-06-17",
        "open": 79.24,
        "high": 81.37,
        "low": 76.49,
        "close": 77.99,
        "volume": 2141143,
        "event": null,
        "event_type": null,
        "impact_factor": 0
    },
    {
        "date": "2024-06-22",
        "open": 79.82,
        "high": 79.39,
        "low": 75.3,
        "close": 78.94,
        "volume": 1576469,
        "event": null,
        "event_type": null,
        "impact_factor": 0
    },
    {
        "date": "2024-06-27",
        "open": 79.79,
        "high": 82.24,
        "low": 78.36,
        "close": 79.08,
        "volume": 4650016,
        "event": null,
        "event_type": null,
        "impact_factor": 0
    },
    {
        "date": "2024-07-02",
        "open": 73.25,
        "high": 73.91,
        "low": 69.3,
        "close": 72.9,
        "volume": 2256562,
        "event": "Hostile takeover attempt",
        "event_type": "Governance Event",
        "impact_factor": -0.07
    },
    {
        "date": "2024-07-07",
        "open": 71.61,
        "high": 74.21,
        "low": 69.79,
        "close": 71.9,
        "volume": 3730965,
        "event": null,
        "event_type": null,
        "impact_factor": 0
    },
    {
        "date": "2024-07-12",
        "open": 73.84,
        "high": 74.46,
        "low": 70.56,
        "close": 72.41,
        "volume": 1378049,
        "event": "Hostile takeover attempt",
        "event_type": "Governance Event",
        "impact_factor": -0.07
    },
    {
        "date": "2024-07-17",
        "open": 73.21,
        "high": 75.78,
        "low": 71.41,
        "close": 72.35,
        "volume": 1602461,
        "event": null,
        "event_type": null,
        "impact_factor": 0
    },
    {
        "date": "2024-07-22",
        "open": 75.13,
        "high": 76.27,
        "low": 71.46,
        "close": 74.84,
        "volume": 3415726,
        "event": null,
        "event_type": null,
        "impact_factor": 0
    },
    {
        "date": "2024-07-27",
        "open": 70.6,
        "high": 72.71,
        "low": 69.21,
        "close": 71.59,
        "volume": 3180465,
        "event": null,
        "event_type": null,
        "impact_factor": 0
    },
    {
        "date": "2024-08-01",
        "open": 68.18,
        "high": 70.21,
        "low": 69.26,
        "close": 69.28,
        "volume": 1342683,
        "event": null,
        "event_type": null,
        "impact_factor": 0
    },
    {
        "date": "2024-08-06",
        "open": 70.06,
        "high": 70.53,
        "low": 68.92,
        "close": 70.47,
        "volume": 1476328,
        "event": null,
        "event_type": null,
        "impact_factor": 0
    },
    {
        "date": "2024-08-11",
        "open": 68.89,
        "high": 68.87,
        "low": 67.6,
        "close": 68.26,
        "volume": 2189570,
        "event": null,
        "event_type": null,
        "impact_factor": 0
    },
    {
        "date": "2024-08-16",
        "open": 68.1,
        "high": 68.45,
        "low": 67.06,
        "close": 67.14,
        "volume": 1745148,
        "event": null,
        "event_type": null,
        "impact_factor": 0
    },
    {
        "date": "2024-08-21",
        "open": 65.8,
        "high": 67.2,
        "low": 66.08,
        "close": 66.4,
        "volume": 1975140,
        "event": null,
        "event_type": null,
        "impact_factor": 0
    },
    {
        "date": "2024-08-26",
        "open": 69.58,
        "high": 70.17,
        "low": 67.83,
        "close": 68.74,
        "volume": 4890983,
        "event": null,
        "event_type": null,
        "impact_factor": 0
    },
    {
        "date": "2024-08-31",
        "open": 67.8,
        "high": 70.02,
        "low": 65.78,
        "close": 67.01,
        "volume": 3532176,
        "event": null,
        "event_type": null,
        "impact_factor": 0
    },
    {
        "date": "2024-09-05",
        "open": 66.39,
        "high": 66.3,
        "low": 64.76,
        "close": 66.08,
        "volume": 3750590,
        "event": null,
        "event_type": null,
        "impact_factor": 0
    },
    {
        "date": "2024-09-10",
        "open": 69.96,
        "high": 72.78,
        "low": 68.21,
        "close": 70.74,
        "volume": 4107476,
        "event": null,
        "event_type": null,
        "impact_factor": 0
    },
    {
        "date": "2024-09-15",
        "open": 71.75,
        "high": 70.71,
        "low": 70.53,
        "close": 70.57,
        "volume": 1581775,
        "event": null,
        "event_type": null,
        "impact_factor": 0
    },
    {
        "date": "2024-09-20",
        "open": 73.94,
        "high": 73.97,
        "low": 73.22,
        "close": 73.74,
        "volume": 2067928,
        "event": null,
        "event_type": null,
        "impact_factor": 0
    },
    {
        "date": "2024-09-25",
        "open": 76.31,
        "high": 77.3,
        "low": 72.87,
        "close": 76.4,
        "volume": 2084606,
        "event": null,
        "event_type": null,
        "impact_factor": 0
    },
    {
        "date": "2024-09-30",
        "open": 82.21,
        "high": 83.1,
        "low": 77.03,
        "close": 80.94,
        "volume": 4911730,
        "event": null,
        "event_type": null,
        "impact_factor": 0
    }
]