[
    {
        "date": "2023-10-09",
        "open": 150.55,
        "high": 153.84,
        "low": 149.98,
        "close": 152.09,
        "volume": 2328124,
        "event": null,
        "event_type": null,
        "impact_factor": 0
    },
    {
        "date": "2023-10-14",
        "open": 152.54,
        "high": 156.96,
        "low": 147.95,
        "close": 150.25,
        "volume": 4724762,
        "event": null,
        "event_type": null,
        "impact_factor": 0
    },
    {
        "date": "2023-10-19",
        "open": 147.65,
        "high": 154.71,
        "low": 146.64,
        "close": 150.21,
        "volume": 2978051,
        "event": null,
        "event_type": null,
        "impact_factor": 0
    },
    {
        "date": "2023-10-24",
        "open": 141.79,
        "high": 146.39,
        "low": 141.3,
        "close": 142.52,
        "volume": 4508763,
        "event": null,
        "event_type": null,
        "impact_factor": 0
    },
    {
        "date": "2023-10-29",
        "open": 136.02,
        "high": 142.81,
        "low": 134.89,
        "close": 138.46,
        "volume": 3847208,
        "event": null,
        "event_type": null,
        "impact_factor": 0
    },
    {
        "date": "2023-11-03",
        "open": 138.4,
        "high": 145.22,
        "low": 133.45,
        "close": 139.32,
        "volume": 2706846,
        "event": null,
        "event_type": null,
        "impact_factor": 0
    },
    {
        "date": "2023-11-08",
        "open": 140.72,
        "high": 142.14,
        "low": 135.41,
        "close": 138.08,
        "volume": 2706692,
        "event": null,
        "event_type": null,
        "impact_factor": 0
    },
    {
        "date": "2023-11-13",
        "open": 132.63,
        "high": 138.3,
        "low": 130.76,
        "close": 134.63,
        "volume": 1421832,
        "event": "Carbon tax implementation",
        "event_type": "Climate Event",
        "impact_factor": -0.03
    },
    {
        "date": "2023-11-18",
        "open": 131.19,
        "high": 135.51,
        "low": 132.69,
        "close": 133.16,
        "volume": 1974785,
        "event": null,
        "event_type": null,
        "impact_factor": 0
    },
    {
        "date": "2023-11-23",
        "open": 131.52,
        "high": 134.77,
        "low": 132.07,
        "close": 132.63,
        "volume": 2999552,
        "event": null,
        "event_type": null,
        "impact_factor": 0
    },
    {
        "date": "2023-11-28",
        "open": 116.16,
        "high": 117.2,
        "low": 111.74,
        "close": 116.97,
        "volume": 2304037,
        "event": "Hostile takeover attempt",
        "event_type": "Governance Event",
        "impact_factor": -0.07
    },
    {
        "date": "2023-12-03",
        "open": 111.22,
        "high": 117.14,
        "low": 107.29,
        "close": 112.89,
        "volume": 1533292,
        "event": null,
        "event_type": null,
        "impact_factor": 0
    },
    {
        "date": "2023-12-08",
        "open": 106.16,
        "high": 108.99,
        "low": 101.83,
        "close": 106.37,
        "volume": 3753224,
        "event": null,
        "event_type": null,
        "impact_factor": 0
    },
    {
        "date": "2023-12-13",
        "open": 92.94,
        "high": 94.38,
        "low": 88.59,
        "close": 91.65,
        "volume": 1378747,
        "event": null,
        "event_type": null,
        "impact_factor": 0
    },
    {
        "date": "2023-12-18",
        "open": 94.18,
        "high": 97.12,
        "low": 90.94,
        "close": 93.36,
        "volume": 3690612,
        "event": null,
        "event_type": null,
        "impact_factor": 0
    },
    {
        "date": "2023-12-23",
        "open": 95.73,
        "high": 97.6,
        "low": 93.34,
        "close": 94.95,
        "volume": 2008711,
        "event": null,
        "event_type": null,
        "impact_factor": 0
    },
    {
        "date": "2023-12-28",
        "open": 96.39,
        "high": 97.61,
        "low": 93.86,
        "close": 95.94,
        "volume": 3043516,
        "event": null,
        "event_type": null,
        "impact_factor": 0
    },
    {
        "date": "2024-01-02",
        "open": 93.52,
        "high": 93.46,
        "low": 91.75,
        "close": 92.48,
        "volume": 4642141,
        "event": null,
        "event_type": null,
        "impact_factor": 0
    },
    {
        "date": "2024-01-07",
        "open": 87.88,
        "high": 91.56,
        "low": 84.53,
        "close": 88.01,
        "volume": 1159047,
        "event": null,
        "event_type": null,
        "impact_factor": 0
    },
    {
        "date": "2024-01-12",
        "open": 91.24,
        "high": 93.87,
        "low": 87.31,
        "close": 90.59,
        "volume": 3676548,
        "event": null,
        "event_type": null,
        "impact_factor": 0
    },
    {
        "date": "2024-01-17",
        "open": 91.53,
        "high": 95.51,
        "low": 88.58,
        "close": 92.29,
        "volume": 4466447,
        "event": null,
        "event_type": null,
        "impact_factor": 0
    },
    {
        "date": "2024-01-22",
        "open": 89.66,
        "high": 92.54,
        "low": 85.78,
        "close": 88.32,
        "volume": 2872761,
        "event": null,
        "event_type": null,
        "impact_factor": 0
    },
    {
        "date": "2024-01-27",
        "open": 90.48,
        "high": 92.69,
        "low": 91.02,
        "close": 91.56,
        "volume": 4547585,
        "event": null,
        "event_type": null,
        "impact_factor": 0
    },
    {
        "date": "2024-02-01",
        "open": 83.88,
        "high": 88.69,
        "low": 85.05,
        "close": 85.25,
        "volume": 4786462,
        "event": null,
        "event_type": null,
        "impact_factor": 0
    },
    {
        "date": "2024-02-06",
        "open": 84.99,
        "high": 87.04,
        "low": 83.53,
        "close": 84.39,
        "volume": 3672130,
        "event": "Mass workforce strike",
        "event_type": "Social Event",
        "impact_factor": -0.04
    },
    {
        "date": "2024-02-11",
        "open": 83.5,
        "high": 87.3,
        "low": 82.63,
        "close": 83.51,
        "volume": 2201790,
        "event": null,
        "event_type": null,
        "impact_factor": 0
    },
    {
        "date": "2024-02-16",
        "open": 81.66,
        "high": 82.56,
        "low": 79.29,
        "close": 80.24,
        "volume": 3427147,
        "event": null,
        "event_type": null,
        "impact_factor": 0
    },
    {
        "date": "2024-02-21",
        "open": 83.05,
        "high": 82.5,
        "low": 78.4,
        "close": 82.31,
        "volume": 1348604,
        "event": null,
        "event_type": null,
        "impact_factor": 0
    },
    {
        "date": "2024-02-26",
        "open": 80.76,
        "high": 82.73,
        "low": 77.64,
        "close": 80.56,
        "volume": 2948327,
        "event": null,
        "event_type": null,
        "impact_factor": 0
    },
    {
        "date": "2024-03-02",
        "open": 83.08,
        "high": 86.34,
        "low": 81.99,
        "close": 83.29,
        "volume": 2649255,
        "event": null,
        "event_type": null,
        "impact_factor": 0
    },
    {
        "date": "2024-03-07",
        "open": 82.52,
        "high": 86.9,
        "low": 81.49,
        "close": 83.19,
        "volume": 1944816,
        "event": null,
        "event_type": null,
        "impact_factor": 0
    },
    {
        "date": "2024-03-12",
        "open": 81.14,
        "high": 82.17,
        "low": 78.93,
        "close": 81.81,
        "volume": 4593814,
        "event": null,
        "event_type": null,
        "impact_factor": 0
    },
    {
        "date": "2024-03-17",
        "open": 78.23,
        "high": 77.83,
        "low": 74.88,
        "close": 77.28,
        "volume": 4194341,
        "event": null,
        "event_type": null,
        "impact_factor": 0
    },
    {
        "date": "2024-03-22",
        "open": 79.12,
        "high": 79.74,
        "low": 76.01,
        "close": 78.02,
        "volume": 3397335,
        "event": null,
        "event_type": null,
        "impact_factor": 0
    },
    {
        "date": "2024-03-27",
        "open": 78.14,
        "high": 77.71,
        "low": 75.6,
        "close": 77.51,
        "volume": 3712180,
        "event": null,
        "event_type": null,
        "impact_factor": 0
    },
    {
        "date": "2024-04-01",
        "open": 81.79,
        "high": 83.46,
        "low": 77.61,
        "close": 81.34,
        "volume": 3008279,
        "event": null,
        "event_type": null,
        "impact_factor": 0
    },
    {
        "date": "2024-04-06",
        "open": 78.83,
        "high": 81.21,
        "low": 75.89,
        "close": 79.08,
        "volume": 3904411,
        "event": null,
        "event_type": null,
        "impact_factor": 0
    },
    {
        "date": "2024-04-11",
        "open": 79.61,
        "high": 81.12,
        "low": 77.44,
        "close": 78.26,
        "volume": 2585247,
        "event": null,
        "event_type": null,
        "impact_factor": 0
    },
    {
        "date": "2024-04-16",
        "open": 77.32,
        "high": 80.4,
        "low": 77.18,
        "close": 78.18,
        "volume": 2621476,
        "event": null,
        "event_type": null,
        "impact_factor": 0
    },
    {
        "date": "2024-04-21",
        "open": 71.9,
        "high": 74.34,
        "low": 71.51,
        "close": 73.02,
        "volume": 1042923,
        "event": null,
        "event_type": null,
        "impact_factor": 0
    },
    {
        "date": "2024-04-26",
        "open": 72.45,
        "high": 74.71,
        "low": 69.38,
        "close": 73.02,
        "volume": 3077492,
        "event": null,
        "event_type": null,
        "impact_factor": 0
    },
    {
        "date": "2024-05-01",
        "open": 74.67,
        "high": 77.04,
        "low": 72.58,
        "close": 74.1,
        "volume": 3246549,
        "event": null,
        "event_type": null,
        "impact_factor": 0
    },
    {
        "date": "2024-05-06",
        "open": 77.36,
        "high": 79.74,
        "low": 73.94,
        "close": 76.02,
        "volume": 1213077,
        "event": null,
        "event_type": null,
        "impact_factor": 0
    },
    {
        "date": "2024-05-11",
        "open": 78.05,
        "high": 78.04,
        "low": 74.38,
        "close": 77.1,
        "volume": 3125552,
        "event": null,
        "event_type": null,
        "impact_factor": 0
    },
    {
        "date": "2024-05-16",
        "open": 80.97,
        "high": 80.66,
        "low": 77.12,
        "close": 80.17,
        "volume": 1659834,
        "event": null,
        "event_type": null,
        "impact_factor": 0
    },
    {
        "date": "2024-05-21",
        "open": 75.33,
        "high": 76.91,
        "low": 73.03,
        "close": 75.2,
        "volume": 2410855,
        "event": "Hostile takeover attempt",
        "event_type": "Governance Event",
        "impact_factor": -0.07
    },
    {
        "date": "2024-05-26",
        "open": 78.21,
        "high": 79.87,
        "low": 76.58,
        "close": 79.73,
        "volume": 2934065,
        "event": null,
        "event_type": null,
        "impact_factor": 0
    },
    {
        "date": "2024-05-31",
        "open": 70.2,
        "high": 73.98,
        "low": 68.19,
        "close": 70.63,
        "volume": 1603935,
        "event": null,
        "event_type": null,
        "impact_factor": 0
    },
    {
        "date": "2024-06-05",
        "open": 72.63,
        "high": 74.2,
        "low": 72.82,
        "close": 73.99,
        "volume": 2024789,
        "event": null,
        "event_type": null,
        "impact_factor": 0
    },
    {
        "date": "2024-06-10",
        "open": 76.98,
        "high": 76.09,
        "low": 75.04,
        "close": 76.07,
        "volume": 4675482,
        "event": "Successful DEI initiative",
        "event_type": "Social Event",
        "impact_factor": 0.03
    },
    {
        "date": "2024-06-15",
        "open": 76.76,
        "high": 80.52,
        "low": 74.89,
        "close": 77.55,
        "volume": 2931005,
        "event": null,
        "event_type": null,
        "impact_factor": 0
    },
    {
        "date": "2024-06-20",
        "open": 78.81,
        "high": 80.7,
        "low": 74.69,
        "close": 77.49,
        "volume": 3269229,
        "event": null,
        "event_type": null,
        "impact_factor": 0
    },
    {
        "date": "2024-06-25",
        "open": 80.98,
        "high": 82.21,
        "low": 77.8,
        "close": 80.05,
        "volume": 3182884,
        "event": null,
        "event_type": null,
        "impact_factor": 0
    },
    {
        "date": "2024-06-30",
        "open": 76.73,
        "high": 79.74,
        "low": 74.7,
        "close": 77.06,
        "volume": 3505268,
        "event": null,
        "event_type": null,
        "impact_factor": 0
    },
    {
        "date": "2024-07-05",
        "open": 72.45,
        "high": 76.16,
        "low": 69.9,
        "close": 73.06,
        "volume": 4340748,
        "event": null,
        "event_type": null,
        "impact_factor": 0
    },
    {
        "date": "2024-07-10",
        "open": 75.24,
        "high": 79.13,
        "low": 72.13,
        "close": 75.92,
        "volume": 1149927,
        "event": null,
        "event_type": null,
        "impact_factor": 0
    },
    {
        "date": "2024-07-15",
        "open": 71.62,
        "high": 72.7,
        "low": 70.93,
        "close": 71.51,
        "volume": 3968180,
        "event": null,
        "event_type": null,
        "impact_factor": 0
    },
    {
        "date": "2024-07-20",
        "open": 76.31,
        "high": 77.82,
        "low": 74.4,
        "close": 76.1,
        "volume": 1016622,
        "event": "Merger announcement",
        "event_type": "Governance Event",
        "impact_factor": 0.04
    },
    {
        "date": "2024-07-25",
        "open": 70.88,
        "high": 74.82,
        "low": 68.04,
        "close": 71.41,
        "volume": 1530802,
        "event": null,
        "event_type": null,
        "impact_factor": 0
    },
    {
        "date": "2024-07-30",
        "open": 70.33,
        "high": 71.34,
        "low": 65.86,
        "close": 69.17,
        "volume": 3199296,
        "event": null,
        "event_type": null,
        "impact_factor": 0
    },
    {
        "date": "2024-08-04",
        "open": 70.09,
        "high": 72.75,
        "low": 66.74,
        "close": 69.5,
        "volume": 4682791,
        "event": null,
        "event_type": null,
        "impact_factor": 0
    },
    {
        "date": "2024-08-09",
        "open": 68.84,
        "high": 71.06,
        "low": 67.57,
        "close": 70.09,
        "volume": 4994512,
        "event": null,
        "event_type": null,
        "impact_factor": 0
    },
    {
        "date": "2024-08-14",
        "open": 66.18,
        "high": 68.28,
        "low": 66.27,
        "close": 67.13,
        "volume": 4960385,
        "event": null,
        "event_type": null,
        "impact_factor": 0
    },
    {
        "date": "2024-08-19",
        "open": 65.97,
        "high": 66.98,
        "low": 63.72,
        "close": 66.28,
        "volume": 4651494,
        "event": null,
        "event_type": null,
        "impact_factor": 0
    },
    {
        "date": "2024-08-24",
        "open": 67.31,
        "high": 68.01,
        "low": 65.08,
        "close": 67.53,
        "volume": 4632023,
        "event": null,
        "event_type": null,
        "impact_factor": 0
    },
    {
        "date": "2024-08-29",
        "open": 67.89,
        "high": 71.68,
        "low": 67.98,
        "close": 68.91,
        "volume": 2355528,
        "event": null,
        "event_type": null,
        "impact_factor": 0
    },
    {
        "date": "2024-09-03",
        "open": 64.74,
        "high": 69.0,
        "low": 65.27,
        "close": 65.71,
        "volume": 4786162,
        "event": null,
        "event_type": null,
        "impact_factor": 0
    },
    {
        "date": "2024-09-08",
        "open": 69.48,
        "high": 72.68,
        "low": 69.18,
        "close": 69.96,
        "volume": 3609493,
        "event": null,
        "event_type": null,
        "impact_factor": 0
    },
    {
        "date": "2024-09-13",
        "open": 71.29,
        "high": 74.92,
        "low": 70.31,
        "close": 72.39,
        "volume": 2945830,
        "event": null,
        "event_type": null,
        "impact_factor": 0
    },
    {
        "date": "2024-09-18",
        "open": 72.39,
        "high": 72.63,
        "low": 71.32,
        "close": 72.09,
        "volume": 3753628,
        "event": null,
        "event_type": null,
        "impact_factor": 0
    },
    {
        "date": "2024-09-23",
        "open": 76.22,
        "high": 79.48,
        "low": 75.22,
        "close": 77.4,
        "volume": 1090773,
        "event": null,
        "event_type": null,
        "impact_factor": 0
    },
    {
        "date": "2024-09-28",
        "open": 78.24,
        "high": 80.34,
        "low": 79.31,
        "close": 79.71,
        "volume": 1852879,
        "event": null,
        "event_type": null,
        "impact_factor": 0
    },
    {
        "date": "2024-10-03",
        "open": 76.62,
        "high": 79.59,
        "low": 73.48,
        "close": 76.23,
        "volume": 2822511,
        "event": "CEO resignation amid scandal",
        "event_type": "Governance Event",
        "impact_factor": -0.06
    }
]