[
    {
        "date": "2023-10-10",
        "open": 147.54,
        "high": 153.44,
        "low": 141.7,
        "close": 149.14,
        "volume": 2978440,
        "event": null,
        "event_type": null,
        "impact_factor": 0
    },
    {
        "date": "2023-10-15",
        "open": 152.35,
        "high": 159.04,
        "low": 147.69,
        "close": 152.59,
        "volume": 1336647,
        "event": null,
        "event_type": null,
        "impact_factor": 0
    },
    {
        "date": "2023-10-20",
        "open": 149.6,
        "high": 153.43,
        "low": 151.75,
        "close": 152.01,
        "volume": 4487053,
        "event": null,
        "event_type": null,
        "impact_factor": 0
    },
    {
        "date": "2023-10-25",
        "open": 142.03,
        "high": 147.74,
        "low": 139.96,
        "close": 140.73,
        "volume": 2507100,
        "event": null,
        "event_type": null,
        "impact_factor": 0
    },
    {
        "date": "2023-10-30",
        "open": 138.31,
        "high": 143.8,
        "low": 131.07,
        "close": 137.64,
        "volume": 2548942,
        "event": null,
        "event_type": null,
        "impact_factor": 0
    },
    {
        "date": "2023-11-04",
        "open": 135.28,
        "high": 142.34,
        "low": 136.63,
        "close": 137.47,
        "volume": 4531964,
        "event": null,
        "event_type": null,
        "impact_factor": 0
    },
    {
        "date": "2023-11-09",
        "open": 137.58,
        "high": 138.46,
        "low": 135.14,
        "close": 138.38,
        "volume": 2174235,
        "event": null,
        "event_type": null,
        "impact_factor": 0
    },
    {
        "date": "2023-11-14",
        "open": 133.72,
        "high": 137.75,
        "low": 128.42,
        "close": 132.49,
        "volume": 4636331,
        "event": null,
        "event_type": null,
        "impact_factor": 0
    },
    {
        "date": "2023-11-19",
        "open": 129.62,
        "high": 135.17,
        "low": 128.12,
        "close": 131.29,
        "volume": 4041492,
        "event": null,
        "event_type": null,
        "impact_factor": 0
    },
    {
        "date": "2023-11-24",
        "open": 129.72,
        "high": 135.03,
        "low": 123.62,
        "close": 130.09,
        "volume": 3235023,
        "event": null,
        "event_type": null,
        "impact_factor": 0
    },
    {
        "date": "2023-11-29",
        "open": 117.68,
        "high": 121.26,
        "low": 113.97,
        "close": 117.37,
        "volume": 3543411,
        "event": null,
        "event_type": null,
        "impact_factor": 0
    },
    {
        "date": "2023-12-04",
        "open": 108.4,
        "high": 115.07,
        "low": 105.15,
        "close": 110.53,
        "volume": 1728881,
        "event": "Mass workforce strike",
        "event_type": "Social Event",
        "impact_factor": -0.04
    },
    {
        "date": "2023-12-09",
        "open": 105.0,
        "high": 110.65,
        "low": 106.97,
        "close": 107.09,
        "volume": 3470925,
        "event": null,
        "event_type": null,
        "impact_factor": 0
    },
    {
        "date": "2023-12-14",
        "open": 93.39,
        "high": 95.1,
        "low": 92.15,
        "close": 92.23,
        "volume": 3302039,
        "event": null,
        "event_type": null,
        "impact_factor": 0
    },
    {
        "date": "2023-12-19",
        "open": 95.1,
        "high": 98.11,
        "low": 94.18,
        "close": 94.35,
        "volume": 3185721,
        "event": null,
        "event_type": null,
        "impact_factor": 0
    },
    {
        "date": "2023-12-24",
        "open": 95.59,
        "high": 94.17,
        "low": 89.98,
        "close": 94.12,
        "volume": 1419036,
        "event": null,
        "event_type": null,
        "impact_factor": 0
    },
    {
        "date": "2023-12-29",
        "open": 96.9,
        "high": 97.37,
        "low": 92.87,
        "close": 96.18,
        "volume": 1954700,
        "event": null,
        "event_type": null,
        "impact_factor": 0
    },
    {
        "date": "2024-01-03",
        "open": 91.46,
        "high": 95.68,
        "low": 87.16,
        "close": 91.74,
        "volume": 1737120,
        "event": null,
        "event_type": null,
        "impact_factor": 0
    },
    {
        "date": "2024-01-08",
        "open": 86.05,
        "high": 91.36,
        "low": 85.5,
        "close": 87.18,
        "volume": 4634235,
        "event": null,
        "event_type": null,
        "impact_factor": 0
    },
    {
        "date": "2024-01-13",
        "open": 89.44,
        "high": 93.99,
        "low": 87.88,
        "close": 90.44,
        "volume": 2092631,
        "event": null,
        "event_type": null,
        "impact_factor": 0
    },
    {
        "date": "2024-01-18",
        "open": 89.13,
        "high": 94.19,
        "low": 87.65,
        "close": 90.75,
        "volume": 3844828,
        "event": null,
        "event_type": null,
        "impact_factor": 0
    },
    {
        "date": "2024-01-23",
        "open": 86.17,
        "high": 88.72,
        "low": 83.03,
        "close": 86.88,
        "volume": 4953380,
        "event": null,
        "event_type": null,
        "impact_factor": 0
    },
    {
        "date": "2024-01-28",
        "open": 91.68,
        "high": 91.17,
        "low": 86.76,
        "close": 90.07,
        "volume": 2147669,
        "event": null,
        "event_type": null,
        "impact_factor": 0
    },
    {
        "date": "2024-02-02",
        "open": 87.52,
        "high": 90.93,
        "low": 82.61,
        "close": 86.62,
        "volume": 2989225,
        "event": null,
        "event_type": null,
        "impact_factor": 0
    },
    {
        "date": "2024-02-07",
        "open": 84.38,
        "high": 89.64,
        "low": 83.22,
        "close": 85.47,
        "volume": 3569998,
        "event": null,
        "event_type": null,
        "impact_factor": 0
    },
    {
        "date": "2024-02-12",
        "open": 81.47,
        "high": 85.84,
        "low": 81.84,
        "close": 82.95,
        "volume": 2088211,
        "event": null,
        "event_type": null,
        "impact_factor": 0
    },
    {
        "date": "2024-02-17",
        "open": 79.53,
        "high": 81.65,
        "low": 78.6,
        "close": 79.85,
        "volume": 4382748,
        "event": null,
        "event_type": null,
        "impact_factor": 0
    },
    {
        "date": "2024-02-22",
        "open": 82.6,
        "high": 82.71,
        "low": 79.67,
        "close": 81.36,
        "volume": 1402837,
        "event": null,
        "event_type": null,
        "impact_factor": 0
    },
    {
        "date": "2024-02-27",
        "open": 81.81,
        "high": 82.91,
        "low": 80.44,
        "close": 80.83,
        "volume": 1806229,
        "event": null,
        "event_type": null,
        "impact_factor": 0
    },
    {
        "date": "2024-03-03",
        "open": 83.55,
        "high": 84.52,
        "low": 82.24,
        "close": 84.14,
        "volume": 2792261,
        "event": null,
        "event_type": null,
        "impact_factor": 0
    },
    {
        "date": "2024-03-08",
        "open": 81.43,
        "high": 84.04,
        "low": 80.94,
        "close": 82.4,
        "volume": 4267726,
        "event": null,
        "event_type": null,
        "impact_factor": 0
    },
    {
        "date": "2024-03-13",
        "open": 80.05,
        "high": 81.02,
        "low": 76.78,
        "close": 80.46,
        "volume": 4246542,
        "event": null,
        "event_type": null,
        "impact_factor": 0
    },
    {
        "date": "2024-03-18",
        "open": 75.52,
        "high": 78.22,
        "low": 76.9,
        "close": 76.98,
        "volume": 1287463,
        "event": null,
        "event_type": null,
        "impact_factor": 0
    },
    {
        "date": "2024-03-23",
        "open": 76.81,
        "high": 79.83,
        "low": 76.81,
        "close": 77.23,
        "volume": 1390372,
        "event": null,
        "event_type": null,
        "impact_factor": 0
    },
    {
        "date": "2024-03-28",
        "open": 76.46,
        "high": 78.86,
        "low": 75.09,
        "close": 77.39,
        "volume": 2881584,
        "event": null,
        "event_type": null,
        "impact_factor": 0
    },
    {
        "date": "2024-04-02",
        "open": 80.29,
        "high": 81.84,
        "low": 78.49,
        "close": 79.71,
        "volume": 4720228,
        "event": null,
        "event_type": null,
        "impact_factor": 0
    },
    {
        "date": "2024-04-07",
        "open": 79.07,
        "high": 82.49,
        "low": 78.64,
        "close": 79.15,
        "volume": 3056237,
        "event": null,
        "event_type": null,
        "impact_factor": 0
    },
    {
        "date": "2024-04-12",
        "open": 77.74,
        "high": 82.35,
        "low": 76.99,
        "close": 78.75,
        "volume": 3347230,
        "event": null,
        "event_type": null,
        "impact_factor": 0
    },
    {
        "date": "2024-04-17",
        "open": 78.79,
        "high": 78.09,
        "low": 77.21,
        "close": 77.94,
        "volume": 3226028,
        "event": null,
        "event_type": null,
        "impact_factor": 0
    },
    {
        "date": "2024-04-22",
        "open": 75.21,
        "high": 74.47,
        "low": 70.76,
        "close": 74.23,
        "volume": 3500511,
        "event": null,
        "event_type": null,
        "impact_factor": 0
    },
    {
        "date": "2024-04-27",
        "open": 72.98,
        "high": 76.71,
        "low": 73.9,
        "close": 73.9,
        "volume": 4004963,
        "event": null,
        "event_type": null,
        "impact_factor": 0
    },
    {
        "date": "2024-05-02",
        "open": 73.4,
        "high": 78.34,
        "low": 74.31,
        "close": 74.86,
        "volume": 2011107,
        "event": null,
        "event_type": null,
        "impact_factor": 0
    },
    {
        "date": "2024-05-07",
        "open": 76.05,
        "high": 76.68,
        "low": 74.85,
        "close": 75.27,
        "volume": 2984654,
        "event": null,
        "event_type": null,
        "impact_factor": 0
    },
    {
        "date": "2024-05-12",
        "open": 78.57,
        "high": 80.93,
        "low": 78.37,
        "close": 78.44,
        "volume": 3916745,
        "event": null,
        "event_type": null,
        "impact_factor": 0
    },
    {
        "date": "2024-05-17",
        "open": 81.88,
        "high": 81.54,
        "low": 80.22,
        "close": 80.39,
        "volume": 1653199,
        "event": null,
        "event_type": null,
        "impact_factor": 0
    },
    {
        "date": "2024-05-22",
        "open": 74.09,
        "high": 76.41,
        "low": 73.11,
        "close": 75.3,
        "volume": 4676177,
        "event": null,
        "event_type": null,
        "impact_factor": 0
    },
    {
        "date": "2024-05-27",
        "open": 81.07,
        "high": 82.05,
        "low": 78.91,
        "close": 79.84,
        "volume": 3962502,
        "event": null,
        "event_type": null,
        "impact_factor": 0
    },
    {
        "date": "2024-06-01",
        "open": 70.69,
        "high": 74.92,
        "low": 70.65,
        "close": 71.45,
        "volume": 4216615,
        "event": null,
        "event_type": null,
        "impact_factor": 0
    },
    {
        "date": "2024-06-06",
        "open": 72.89,
        "high": 74.17,
        "low": 69.64,
        "close": 72.99,
        "volume": 1552466,
        "event": null,
        "event_type": null,
        "impact_factor": 0
    },
    {
        "date": "2024-06-11",
        "open": 76.24,
        "high": 78.86,
        "low": 76.24,
        "close": 77.32,
        "volume": 2603487,
        "event": null,
        "event_type": null,
        "impact_factor": 0
    },
    {
        "date": "2024-06-16",
        "open": 78.93,
        "high": 82.25,
        "low": 75.11,
        "close": 78.85,
        "volume": 4735594,
        "event": "Successful DEI initiative",
        "event_type": "Social Event",
        "impact_factor": 0.03
    },
    {
        "date": "2024-06-21",
        "open": 77.47,
        "high": 79.24,
        "low": 77.37,
        "close": 78.9,
        "volume": 2992092,
        "event": null,
        "event_type": null,
        "impact_factor": 0
    },
    {
        "date": "2024-06-26",
        "open": 80.09,
        "high": 82.14,
        "low": 78.13,
        "close": 79.77,
        "volume": 1788538,
        "event": null,
        "event_type": null,
        "impact_factor": 0
    },
    {
        "date": "2024-07-01",
        "open": 77.15,
        "high": 78.21,
        "low": 74.33,
        "close": 77.13,
        "volume": 3582405,
        "event": null,
        "event_type": null,
        "impact_factor": 0
    },
    {
        "date": "2024-07-06",
        "open": 70.62,
        "high": 73.82,
        "low": 68.46,
        "close": 71.7,
        "volume": 1191888,
        "event": null,
        "event_type": null,
        "impact_factor": 0
    },
    {
        "date": "2024-07-11",
        "open": 76.64,
        "high": 79.17,
        "low": 73.63,
        "close": 76.64,
        "volume": 1170801,
        "event": null,
        "event_type": null,
        "impact_factor": 0
    },
    {
        "date": "2024-07-16",
        "open": 73.95,
        "high": 72.89,
        "low": 70.02,
        "close": 72.83,
        "volume": 2073893,
        "event": null,
        "event_type": null,
        "impact_factor": 0
    },
    {
        "date": "2024-07-21",
        "open": 75.09,
        "high": 78.16,
        "low": 72.67,
        "close": 76.14,
        "volume": 1519752,
        "event": null,
        "event_type": null,
        "impact_factor": 0
    },
    {
        "date": "2024-07-26",
        "open": 70.79,
        "high": 72.21,
        "low": 69.21,
        "close": 71.9,
        "volume": 2748155,
        "event": null,
        "event_type": null,
        "impact_factor": 0
    },
    {
        "date": "2024-07-31",
        "open": 69.83,
        "high": 71.5,
        "low": 68.65,
        "close": 69.29,
        "volume": 3269216,
        "event": null,
        "event_type": null,
        "impact_factor": 0
    },
    {
        "date": "2024-08-05",
        "open": 70.73,
        "high": 71.67,
        "low": 69.53,
        "close": 69.56,
        "volume": 2685068,
        "event": null,
        "event_type": null,
        "impact_factor": 0
    },
    {
        "date": "2024-08-10",
        "open": 68.47,
        "high": 70.48,
        "low": 68.29,
        "close": 69.14,
        "volume": 3772439,
        "event": null,
        "event_type": null,
        "impact_factor": 0
    },
    {
        "date": "2024-08-15",
        "open": 66.31,
        "high": 67.47,
        "low": 64.01,
        "close": 66.88,
        "volume": 2623262,
        "event": null,
        "event_type": null,
        "impact_factor": 0
    },
    {
        "date": "2024-08-20",
        "open": 67.62,
        "high": 69.48,
        "low": 64.97,
        "close": 67.47,
        "volume": 1594767,
        "event": null,
        "event_type": null,
        "impact_factor": 0
    },
    {
        "date": "2024-08-25",
        "open": 68.37,
        "high": 69.59,
        "low": 65.13,
        "close": 67.41,
        "volume": 1680619,
        "event": null,
        "event_type": null,
        "impact_factor": 0
    },
    {
        "date": "2024-08-30",
        "open": 68.9,
        "high": 69.45,
        "low": 67.2,
        "close": 68.06,
        "volume": 4599235,
        "event": null,
        "event_type": null,
        "impact_factor": 0
    },
    {
        "date": "2024-09-04",
        "open": 65.71,
        "high": 69.37,
        "low": 66.37,
        "close": 66.64,
        "volume": 4659460,
        "event": null,
        "event_type": null,
        "impact_factor": 0
    },
    {
        "date": "2024-09-09",
        "open": 69.14,
        "high": 69.67,
        "low": 67.56,
        "close": 69.65,
        "volume": 3279043,
        "event": null,
        "event_type": null,
        "impact_factor": 0
    },
    {
        "date": "2024-09-14",
        "open": 71.46,
        "high": 74.73,
        "low": 70.65,
        "close": 71.62,
        "volume": 4806279,
        "event": null,
        "event_type": null,
        "impact_factor": 0
    },
    {
        "date": "2024-09-19",
        "open": 73.36,
        "high": 74.97,
        "low": 73.03,
        "close": 73.1,
        "volume": 3017067,
        "event": null,
        "event_type": null,
        "impact_factor": 0
    },
    {
        "date": "2024-09-24",
        "open": 77.04,
        "high": 78.27,
        "low": 74.65,
        "close": 76.22,
        "volume": 2853881,
        "event": null,
        "event_type": null,
        "impact_factor": 0
    },
    {
        "date": "2024-09-29",
        "open": 79.24,
        "high": 82.58,
        "low": 76.7,
        "close": 80.69,
        "volume": 3588067,
        "event": null,
        "event_type": null,
        "impact_factor": 0
    },
    {
        "date": "2024-10-04",
        "open": 72.98,
        "high": 73.33,
        "low": 69.83,
        "close": 72.02,
        "volume": 4446922,
        "event": "Hurricane damages key infrastructure",
        "event_type": "Climate Event",
        "impact_factor": -0.05
    }
]